a000,zh-CN,zh-Hant,en-US,es,fr,it,ja,kr
a001,Wheel Lock,轮胎锁死,胎i死,????,タイヤロック,blocage des roues,Bloccaggio delle Ruote,bloqueo de ruedas
a002,Wheel Slip,轮胎打滑,胎打滑,??????,ホイ`ルスリップ,Patinage des roues,Slittamento delle Ruote,deslizamiento de ruedas
a003,Road Effects,路面摩擦反馈,路面摩擦反,?????,路面の振,effets de la route,Effetti della Strada,efectos de la carretera
a004,Kerbing Feedback,路肩反馈,路肩反,??????,F石の振鹰榨）`ドバック」,Vibreurs,Feedback dei Cordoli,Retroalimentación del bordillo
a005,RPM Feedback,引擎转速震动,引擎D速震,???????(RPM),回数 (RPM),tr/min (tours par minute),Feedback Giri Motore (RPM),revoluciones por minuto (RPM)
a006,Gear Shift,换挡震动,Qn震,?????,ギアシフト,changement de vitesse,Cambio Marcia,cambio de marcha
a007,Speed,时速,r速,??,速度,vitesse,Velocità,velocidad
a008,Telemetry is enabled,遥测已启动,by已,???????????????,テレメトリ`が有郡摔胜盲皮い蓼,La télémétrie est activée,La telemetria è abilitata,La telemetría está habilitada
a009,Please ensure the device's USB connection is secure and restart Simpro2,请检查设备USB连接状态是否正常，并重新启动Simpro2,z查OUSBB接B是否正常，K重新Simpro2,????USB???????????????Simpro2??????????,デバイスのUSB接Aが正しく行われていることを_Jし、Simpro2を再起婴筏皮ださい,Veuillez vous assurer que la connexion USB de l'appareil est sécurisée et redémarrez Simpro2,Assicurati che la connessione USB sia sicura e riavvia SimPro2,Asegúrese de que la conexión USB del dispositivo esté segura y reinicie Simpro2
a010,Absolute Value Encoder Mode,绝对值编码器模式,^χ稻a器模式,??????????,~エンコ`ダ`モ`ド,Mode de l'encodeur : valeur absolue,Modalità dell'encoder a valore assoluto,Modo de codificador de valor absoluto
a011,Haptic Pedal Reactor Connected,震动电机已连接,震玉R_已B接,?????????,振鹰猢`タ`が接Aされました,Réacteur haptique de pédale connecté,Reattore del pedale aptico collegato,Reactor de pedal háptico conectado
a012,Haptic Pedal Reactor Disconnected,震动电机未连接,震玉R_未B接,?????????????????,振鹰猢`タ`が接Aされていません,Réacteur haptique de pédale déconnecté,Reattore del pedale aptico scollegato,El motor de vibración no está conectado
a013,Power on,电源已连接,源已B接,?????,源が接Aされています,Activer,Accensione,Encender
a014,Power off,电源未连接,源未B接,?????,源が接Aされていません,Désactiver,Spegnimento,Apagar
a015,Front,正面（此处不翻译：盘子正面）,正面,?,正面,Avant,Fronte,Frontal
a016,Back,背面（此处不翻译：盘子背面）,背面,?,背面,Arrière,Retro,Trasero
a017,Click Here for Haptic Motor Test,点击这里，进行电机震动测试,c暨@e，M行C震y,?????????????????????????,ここをクリックしてモ`タ`振鹰匹攻趣g行します,Cliquez ici pour effectuer le test de vibration du moteur haptique,Clicca qui per eseguire il test di vibrazione del motore aptico,Haga clic aquí para realizar la prueba de vibración del motor
a018,Press To Test,长按测试,L按y,?????????,L押しでテスト,Appuyez pour tester,Premi per testare,Presiona para probar
a019,Save,保存,保存,??,保存,Enregistrer,Salva,Guardar
a020,Save As,另存,另存,??????????,e名で保存,Enregistrer sous,Salva come,Guardar como
a021,Tyre Slip Trigger Percentage,轮胎滑动触发百分比,胎滑佑|l百分比,?????????????,タイヤスリップトリガ`のk生率,Pourcentage de déclenchement de glissement des pneus,Percentuale di attivazione dello slittamento delle gomme,Porcentaje de activación de deslizamiento de neumáticos
a022,"
Vehicle RPM trigger range",vRPMs触发区间,vRPMs|l^g,RPM???????,RPMトリガ`,Plage de déclenchement pour les RPM du véhicule,Intervallo di attivazione degli RPM del veicolo.,Rango de activación de RPM del vehículo
a023,Vibration Frequency Linear Adjustment,震动频率线性调节,震宇l率性{,????????????,振又懿ㄊの形{整,Réglage linéaire de la fréquence de vibration,Regolazione lineare della frequenza delle vibrazioni,Ajuste lineal de la frecuencia de vibración
a024,Vehicle speed trigger range,车辆时速触发区间,vr速|l^g,????????????,速トリガ`,Plage de déclenchement pour la vitesse du véhicule,Intervallo di attivazione della velocità del veicolo,Rango de activación de la velocidad del vehículo
a025,Vibration Intensity Linear Adjustment,震动力度线性调节,震恿Χ染性{,???????????,振度の形{整,Réglage linéaire de l'intensité des vibrations,Regolazione lineare dell'intensità delle vibrazioni,Ajuste lineal de la intensidad de la vibración
a026,Vibration Duration,震动时长,震rL,????????,振rg,Durée de la vibration,Durata della vibrazione,Duración de la vibración
a027,Tire Slip Sensitivity,轮胎打滑灵敏度,轮胎打滑`敏度,????????????,タイヤスリップ感度,Sensibilité au glissement des pneus,Sensibilità allo slittamento del pneumatico,Sensibilidad al deslizamiento de los neumáticos
a028,"The higher the value, the easier it is to trigger slip vibrations. The lower the value, the less likely slip vibrations will be triggered.",该数值越高，越容易触发打滑震动。数值越低，越不容易触发打滑震动。,抵翟礁撸越容易|l打滑震印抵翟降停越不容易|l打滑震印,?????????????????????????????.????????????????????????????????.,この数が高いほど、スリップ振婴k生しやすくなります。数が低いほど、スリップ振婴k生しにくくなります。,"Plus la valeur est élevée, plus il est facile de déclencher des vibrations dues au glissement des pneus. Plus la valeur est basse, moins il est probable de déclencher des vibrations dues au glissement des pneus.","Più alto è il valore, più è facile innescare vibrazioni da slittamento. Più basso è il valore, meno è probabile che si inneschino vibrazioni da slittamento.","Cuanto mayor sea el valor, más fácil será provocar vibraciones por deslizamiento. Cuanto menor sea el valor, menos probable será que se produzcan vibraciones por deslizamiento."
a029,Connected,已连接,已B接,???,接Agみ,Connecté,Connesso,Conectado
a030,Unconnected,未连接,未B接,???????,未接A,Déconnecté,Disconnesso,Desconectado
a031,Channel,基座频道,基座l道,??,チャンネル,Canal,Canale,Canal
a032,Firmware,固件版本,固件版本,???,ファ`ムウェア,Micrologiciel,Firmware,Firmware
a033,Learn How To Upgrade Torque,了解如何升级扭矩,了解如何升扭矩,????????????????,トルクのアップグレ`ド方法を学ぶ,Découvrez comment améliorer le couple,Impara come aggiornare la coppia,Aprenda a mejorar el par motor
a034,Steer Settings,转向设定,D向O定,?????,ステアリングO定,Configuration de la direction,Configurazione dello sterzo,Configuración del volante
a035,Center,对中,χ,??,センタ`合わせ,Alignement,Centratura,Alineación
a036,Angle,角度,角度,??,角度,Angle,Angolo,ángulo
a037,"Set the maximum steering wheel rotation angle. Recommendations: Karting 90 degrees, Formula 270-360 degrees, Rally cars 460-540 degrees, Touring cars 720-900 degrees, Passenger cars 900-1080 degrees, Modern trucks 900-1080 degrees.",设置方向盘最大旋转角度。建议：卡丁车90度，方程式270-360度，拉力赛车460-540度，房车轿车720-900度，民用车900-1080度，现代化卡车900-1080度。,O置方向P最大旋D角度。建h：卡丁90度，方程式270-360度，拉力460-540度，房I720-900度，民用900-1080度，F代化卡900-1080度。,"??????????????????????.??????:????90?,?????270-360?,?????460-540?,??????720-900?,?????900-1080?,???????900-1080?.",ステアリングホイ`ルの最大回角度をO定してください。推X：カ`ト90°、フォ`ミュラ270-360°、ラリ`カ`460-540°、箱720-900°、市900-1080°、F代トラック900-1080°。,"Définissez l'angle de rotation maximal du volant. Recommandations : Karting 90 degrés, Formule 270-360 degrés, Voitures de rallye 460-540 degrés, Voitures de tourisme 720-900 degrés, Voitures particulières 900-1080 degrés, Camions modernes 900-1080 degrés.","Imposta l'angolo massimo di rotazione del volante. Raccomandazioni: Kart 90 gradi, Formula 270-360 gradi, Auto da Rally 460-540 gradi, Auto da turismo 720-900 gradi, Auto stradali 900-1080 gradi, Camion moderni 900-1080 gradi.","Establece el ángulo máximo de rotación del volante. Recomendaciones: Karting 90 grados, Fórmula 270-360 grados, Coches de rally 460-540 grados, Coches de turismo 720-900 grados, Coches particulares 900-1080 grados, Camiones modernos 900-1080 grados."
a038,Angle Preset,角度预设,角度AO,??????,角度プリセット,Préréglage de l'angle,Preimpostazione dell'angolo,Preset de ángulo
a039,Manage,管理角度,管理,??,管理,Gestion,Gestisci,Gestión
a040,Hard Lock Angle,硬锁角度,硬i角度,???????,ハ`ドロック角度,Angle de verrouillage dur,Angolo di blocco rigido,Dureza de bloque de ángulo
a041,"Drive Hard Limit: If the in-game limit feels unsatisfactory, you can enable this option to achieve a hard limit by setting the angle to match that of the base.",驱动硬限位，若游戏内限位手感不佳，可将此选项打开，输入和基座一致的角度来实现硬限位。,佑蚕尬唬若[认尬皇指胁患眩可⒋诉x打_，入和基座一致的角度F硬限位。,"?????????:????????????????????,??????????????????????????????????????????????????.",ハ`ドリミットのl: ゲ`ム内のリミットの感触が不氦龊悉稀このオプションを有郡摔筏啤ベ`スと一致する角度を入力することでハ`ドリミットをgFできます。,"Limite dure du moteur : Si la sensation de la limite dans le jeu n'est pas satisfaisante, vous pouvez activer cette option pour obtenir une limite dure en entrant un angle identique à celui de la base.","Limite rigido: Se la sensazione del limite nel gioco non è soddisfacente, puoi abilitare questa opzione per ottenere un limite rigido impostando un angolo che corrisponde a quello della base.","Límite duro del motor: Si la sensación del límite en el juego no es satisfactoria, puedes habilitar esta opción para lograr un límite duro estableciendo un ángulo que coincida con el de la base."
a042,Limit Strength,限位力度,限位力度,?????,制限度,Force de limite,Forza di limite,Fuerza límite
a043,"The higher the number, the heavier the feel when reaching the end stop and the more resistance you will experience. The rebound at the end stop will also be greater. It is recommended to use ""Easy"" and ""Default"" settings.",数字越大，打到底之后越重，越打手，打底反弹也越大。建议用“轻松”和“默认”即可。,底衷酱螅打到底之後越重，越打手，打底反也越大。建h用「p」和「AO」即可。,"?????????????????????????????,???????????????.????????????????. ""??""??""??""?????????????????.",数字が大きいほど、エンドストップに_したときの重さがし、抵抗感もくなります。また、エンドストップでの反kも大きくなります。「Xい」および「デフォルト」O定の使用をお幛幛筏蓼埂,"Plus le nombre est élevé, plus le ressenti au point de butée sera lourd et résistant, et le rebond au point de butée sera également plus important. Il est recommandé d'utiliser les réglages???Facile???et???Par défaut??.","Maggiore è il numero, più pesante sarà la sensazione quando si raggiunge il fine corsa, e maggiore sarà la resistenza. Anche il rimbalzo al fine corsa sarà più forte. Si consiglia di utilizzare le impostazioni “Facile” e “Predefinito”.","Cuanto mayor sea el número, más pesada será la sensación al llegar al final del recorrido, y mayor será la resistencia. El rebote al final del recorrido también será mayor. Se recomienda usar las configuraciones ""Fácil"" y ""Predeterminado""."
a044,Soft,轻松,p,??,Xい,Facile,Facile,Fácil
a045,Normal,默认,AO,??,デフォルト,Par défaut,Predefinito,Predeterminado
a046,Firm,紧致,o@,???,固め,Ferme,Compatto,Firme
a047,Basic,基本,基本,??,基本,Basique,Base,Básico
a048,Basic Settings,基本设定,基本O定,?????,基本O定,Paramètres de base,Impostazioni di base,Configuración básica
a049,Force Feedback,力回馈大小,力回大小,??????,フォ`スフィ`ドバック,Intensité du retour de force,Force Feedback,Intensidad de la retroalimentación de fuerza
a050,"This is the percentage of the force feedback output strength from the game. It is recommended for beginners to use a value around 70%, while professional players should set this value to the maximum and adjust the force feedback settings individually within the game. (Some games may require enabling reverse force feedback by default, such as rF2.)",来自游戏力回馈输出大小的百分比。建议入门玩家使用70%左右的数值，建议专业玩家全开此数值，然后在游戏内单独调节力回馈。（部分游戏默认需启用反向力回馈，如rF2）,碜赃[蛄回出大小的百分比。建h入T玩家使用70%左右的抵担建hI玩家全_此抵担然後在[为{力回。（部分[蚰J需⒂梅聪蛄回，如rF2）,"?????????????????????????.????????70%????????????????,??????????????????????????????????????????????????????????. (?????????????????????????????????????????,??: rF2)",ゲ`ムからのフォ`スフィ`ドバック出力度の割合です。初心者にはs70%のを使用することをお幛幛筏蓼工、プロのプレイヤ`はこのを最大にO定し、ゲ`ム内でeにフォ`スフィ`ドバックを{整することをお幛幛筏蓼埂＃ㄒ徊郡违博`ムでは、デフォルトで逆フォ`スフィ`ドバックを有郡摔工氡匾があります。例：rF2）,"Il s'agit du pourcentage du retour de force provenant du jeu. Il est recommandé aux débutants d'utiliser une valeur d'environ 70 %, tandis que les joueurs professionnels devraient régler ce paramètre au maximum et ajuster le retour de force individuellement dans le jeu. (Certains jeux peuvent nécessiter l'activation du retour de force inversé par défaut, comme rF2.)","Questa è la percentuale dell'intensità del force feedback proveniente dal gioco. Si consiglia ai principianti di utilizzare un valore di circa il 70%, mentre i giocatori professionisti dovrebbero impostare questo valore al massimo e regolare il force feedback individualmente nel gioco. (Alcuni giochi potrebbero richiedere l'attivazione del force feedback inverso per impostazione predefinita, come rF2.)","Este es el porcentaje de la intensidad de la retroalimentación de fuerza proveniente del juego. Se recomienda que los principiantes usen un valor de alrededor del 70%, mientras que los jugadores profesionales deberían establecer este valor al máximo y ajustar la retroalimentación de fuerza individualmente dentro del juego. (Algunos juegos pueden requerir habilitar la retroalimentación de fuerza inversa por defecto, como rF2.)"
a051,Reverse,反向,反向,???,逆方向,Inverse,Inverso,Inverso
a052,Filter Level,滤波等级,V波等,?????,フィルタ`レベル,Niveau de filtrage,Livello del filtro,Nivel de filtro
a053,"0 indicates off, functioning to filter out high-frequency noise and smooth the signal. The larger the value, the smoother it becomes, but excessive smoothing may lose some details while making it quieter. Proper smoothing can reduce abrupt force feedback output.",0表示关闭，起到滤除高频噪声，平滑信号的作用;数值设置越大越平滑，越大可能丢失部分细节但更安静，适当平滑可减少突兀的力回馈输出,0 表示P]，起到V除高l噪和平滑信的作用；抵翟O置越大越平滑，但^大可能G失部分但更加安o，m的平滑可p少突兀的力回出。,"0??????????,???????????????????????????????????.?????????????????,???????????????????????????????????.????????????????????????????????????.",0はオフを示し、高周波ノイズを除去し、信号をスム`ズにする役割を果たします。が大きいほど信号は滑らかになりますが、あまりに大きいと一部の部が失われる可能性があり、より静かになります。m度なスム`ジングは、突然のフォ`スフィ`ドバックの出力をXpすることができます。,"0 indique désactivé, avec pour fonction de filtrer les bruits haute fréquence et de lisser le signal. Plus la valeur est élevée, plus le signal devient fluide, mais une valeur trop grande peut entra?ner la perte de certains détails tout en le rendant plus silencieux. Un lissage approprié peut réduire les retours de force brusques.","0 indica spento, con la funzione di filtrare il rumore ad alta frequenza e di rendere il segnale più fluido. Più alto è il valore, più il segnale sarà fluido, ma un valore troppo grande potrebbe causare la perdita di alcuni dettagli, pur rendendolo più debole. Un'attenuazione adeguata può ridurre picchi bruschi del force feedback.","0 indica apagado, con la función de filtrar el ruido de alta frecuencia y suavizar la se?al. Cuanto mayor sea el valor, más suave será, pero un valor demasiado grande puede hacer que se pierdan algunos detalles, aunque será más silencioso. Un suavizado adecuado puede reducir la salida de retroalimentación de fuerza abrupta."
a054,Vehicle,车辆效果,v效果,??,I,Véhicule,Veicolo,Vehículo
a055,Wheel Rotation Speed,转盘速度,DP速度,???????,ホイ`ル回速度,Vitesse de rotation du volant,Velocità di rotazione del volante,Velocidad de rotación del volante
a056,"The overall limit for the maximum rotation speed of the steering axis. Other parameters cannot exceed this limit. In real racing, the wheel rotation speed is not very fast.",转向轴最大转速的总限制，其他参数无法突破此限制。真实赛车的转盘速度并不会很快。,D向S最大D速的限制，其他o法突破此限制。真的DP速度K不很快。,?????????????????????????????.??????????????????????????.???????????????????????????????.,ステアリングSの最大回速度の全体制限です。他のパラメ`タはこの制限を超えることはできません。gHのレ`スでは、ハンドルの回速度はそれほど速くありません。,"La limite globale pour la vitesse de rotation maximale de l'axe de direction. Les autres paramètres ne peuvent pas dépasser cette limite. Dans les courses réelles, la vitesse de rotation du volant n'est pas très rapide.","Il limite complessivo per la velocità massima di rotazione dell'asse dello sterzo. Altri parametri non possono superare questo limite. Nelle corse reali, la velocità di rotazione del volante non è molto elevata.","El límite general para la velocidad máxima de rotación del eje de dirección. Otros parámetros no pueden superar este límite. En las carreras reales, la velocidad de rotación del volante no es muy alta."
a057,FFB Details,力回馈细节,力回,????????????,フォ`スフィ`ドバックの,Détails du retour de force,Dettagli del force feedback,Detalles de la retroalimentación de fuerza
a058,Mechanical,机械效果,C械效果,???,C械,Mécanique,Meccanico,Mecánico
a059,Frequently Used,常用,常用,???????,よく使用される,Fréquemment utilisé,Usato frequentemente,Usado frecuentemente
a060,Other Effects,其他效果,其他效果,??,その他,Autre effets,Altri effetti,Otro Efecto
a061,Force Prediction Filter,预测滤波器系数,AyV波器S,????????,予yフィルタ`S数,Filtre de prédiction de force,Filtro di previsione della forza,Filtro de predicción de fuerza
a062,Overshot details and handling effect by filter predictor "Note: Value too high may causing noise or high frequency vibration",通过预测算法，对手感和细节超调处理 "注: 此参数等级过高可能会产生较大的噪音或震动",通^Ay算法，κ指泻图超{理 “注: 此档燃^高可能a生^大的噪音或震".,?????????????????????????????????????.???:???????????????????????????????????????????.,予yアルゴリズムを使用して、フィ`リングとのオ`バ`シュ`トをI理します。注: このパラメ`タを高くO定しすぎると、大きなノイズや振婴k生する可能性があります。,Détails de dépassement et effet de maniabilité par le prédicteur de filtre 'Remarque : Une valeur trop élevée peut provoquer du bruit ou des vibrations à haute fréquence.,Dettagli di overshoot ed effetto di gestione dal predittore di filtro 'Nota: Un valore troppo alto può causare rumore o vibrazioni ad alta frequenza.',Detalles de sobreimpulso y efecto de manejo por el predictor de filtro "Nota: Un valor demasiado alto puede causar ruido o vibraciones de alta frecuencia."
a063,Steering Torque Assist,转向助力,D向助力,??????????,ステアリングトルクアシスト,Assistance de couple de direction,Assistenza alla coppia,Asistencia de par de dirección
a064,Reduce constant cornering force but won't affect handling or road details,减弱弯道中持续的力矩但不会影响手感和路面细节,p弱道中持m的力矩但不影手感和路面。,"??????????????????,?????????????????????????????????.",カ`ブ中の持A的なトルクを弱めますが、操作感や路面のには影しません。,"Réduit la force continue dans les virages, sans affecter la maniabilité ni les détails de la route.",Riduce la forza costante nelle curve senza influire sulla maneggevolezza o sui dettagli della strada.,Reduce la fuerza constante en las curvas pero no afecta el manejo ni los detalles de la carretera.
a065,Mechanical Damper,机械阻尼,C械阻尼,??????,メカニカル ダンピング,Amortissement mécanique,Smorzamento meccanico,Amortiguación mecánica
a066,Mechanical Friction,机械摩擦,C械摩擦,??????,メカニカル摩擦,Friction mécanique,Attrito meccanico,Fricción mecánica
a067,Mechanical Inertia,机械惯量,C械T量,??????,メカニカルT性,Inertie mécanique,Inerzia meccanica,Inercia mecánica
a068,Force Equalizer,力矩均衡器,力矩均衡器,????????,フォ`スイコライザ`,égaliseur de force,Equalizzatore di forza,Ecualizador de fuerza
a069,"Higher settings gives smoother FFB, for balancing too strong and sharp kerbs or bumps effects on some games but won't affect grip and details on hand.","数值越高 力回馈越平滑 柔顺, 适用于过滤与平衡路肩和不平的颠簸路面等其他效果过强烈的游戏, 但不影响抓地感知和细节",抵翟礁撸力回越平滑、柔，m用於^Vc平衡路肩和不平的簸路面等效果^於烈的[颍但不影抓地感知和。,"??????????????????????????,?????????????????????????????????????????????????????,???????????????????????????.",数が高いほど、フォ`スフィ`ドバックがより滑らかで柔らかくなり、F石や凸凹した路面の^度な抗をバランス{整するのにmしていますが、グリップ感とかいディテ`ルには影しません。,"Des valeurs plus élevées offrent un retour de force plus fluide et souple, idéal pour filtrer et équilibrer des effets trop forts de vibreurs et de surfaces irrégulières dans certains jeux, sans altérer la perception de l'adhérence et des détails.","Valori più alti offrono un force feedback più fluido e morbido, ideale per filtrare ed equilibrare effetti eccessivi da cordoli e superfici irregolari in alcuni giochi, senza influire sulla percezione dell’aderenza e dei dettagli.","Valores más altos brindan un feedback de fuerza más suave y fluido, adecuado para filtrar y equilibrar efectos demasiado intensos de bordillos y superficies irregulares en algunos juegos, sin afectar la percepción del agarre ni los detalles."
a070,Mechanical Centering,机械回中,C械回中,?????????,メカニカルセンタリング,Centrage mécanique,Centraggio meccanico,Centrado mecánico
a071,Center Damper,中心阻尼,中心阻尼,?????,センタ` ダンピング,Amortissement central,Smorzamento centrale,Amortiguación central
a072,Game Inertia,游戏惯量,[T量,?????,ゲ`ムT性,Inertie du jeu,Inerzia del gioco,Inercia del juego
a073,Game Centering,游戏回中,[蚧刂,????????,ゲ`ムセンタリング,Centrage du jeu,Centraggio del gioco,Centrado del juego
a074,Game Damper,游戏阻尼,[蜃枘,?????,ゲ`ムダンピング,Amortissement du jeu,Smorzamento del gioco,Amortiguación del juego
a075,Game Friction,游戏摩擦,[蚰Σ,?????,ゲ`ム摩擦,Friction du jeu,Attrito del gioco,Fricción del juego
a076,-- Already reached the bottom --,-- 已经到达底部 --,-- 已到_底部 --,--???????????????--,-- すでに底部に到_しました --,-- Déjà atteint le bas --,-- Già raggiunto il fondo --,-- Ya se ha alcanzado el fondo --
a077,Ring Light Settings,环形灯设置,h形粼O定,???????,リングライトO定,Paramètres de l'éclairage circulaire,Impostazioni della luce ad anello,Configuración de la luz circular
a078,Enable,启用,⒂,???,有炕,Activer,Abilita,Habilitar
a079,Please rotate,请转动,D,???????,回をおいします,Veuillez tourner,Per favore ruota,"Por favor, gire"
a080,Please press down,请踩下,踩下,??????,ペダルを踏むようおいします,Veuillez appuyer,"Per favore, premi","Por favor, presione hacia abajo"
a081,Please Start the Game and Sense,请启动游戏，感知,舆[颍感知,????????????????,ゲ`ムを_始し、感知を行ってください,Veuillez démarrer le jeu et vérifiez,Per favore avvia il gioco e percepisci,"Por favor, inicia el juego y percibe"
a082,Wheel,方向盘,方向P,??????,ステアリングホイ`ル,Volant,Volante,Volante
a083,Brake,刹车,煞,????,ブレ`キ,Frein,Freno,Freno
a084,Throttle,油门,油T,?????,アクセル,Accélérateur,Acceleratore,Acelerador
a085,Force Feedback Clipping,力回馈饱和,力回和,??????????,フォ`スフィ`ドバックのクリッピング,Saturation du retour de force,Clipping Force Feedback,Saturación del retroalimentación de fuerza
a086,Calibration,校准,校,??????,校正,étalonnage,Calibrazione,Calibración
a087,Real-time Effect,实时效果,r效果,??????,リアルタイムエフェクト,Effet en temps réel,Effetto in tempo reale,Efecto en tiempo real
a088,Please Select Application Scenario,请选择应用场景,x用鼍,????????????????,アプリケ`ション用途をxkする必要があります,Veuillez sélectionner le scénario d'application,Per favore seleziona lo scenario applicativo,"Por favor, selecciona el escenario de aplicación"
a089,Follow,跟随,跟S,???,フォロ`,Suivre,Seguire,Seguir
a090,Single,单色,紊,??,g色,Unique,Singolo,único
a091,Breath,呼吸,呼吸,??,ブレス,Respiration,Respiro,Respiración
a092,Water,流水,流水,?,ウォ`タ`,Flux,Flusso,Flujo
a093,Follow Color,跟随颜色,跟S色,???????,色を追兢工,Suivre la couleur,Segui colore,Seguir color
a094,Add,添加,添加,????,追加する,Ajouter,Aggiungere,A?adir
a095,Light Color,灯光颜色,艄忸色,?????,ライトカラ`,Couleur de la lumière,Colore della luce,Color de la luz
a096,Lighting Effect,灯光效果,艄庑Ч,?????,照明抗です,Effets de lumière,Effetti dell’illuminazione,Efecto de iluminación
a097,Direction,方向,方向,??,方向,Direction,Direzione,Dirección
a098,Clockwise,顺时针,r,?????,r回り,Horaire,Orario,Horario
a099,Anti-clockwise,逆时针,逆r,??????,反r回り,Antihoraire,Antiorario,Antihorario
a100,Center to Edge,从中到边,闹械竭,???????????,中央から端,Du centre au bord,Centro al bordo,Centro a borde
a101,Brightness,亮度,亮度,??,明るさ,Luminosité,Luminosità,Brillo
a102,Speed,速度,速度,??,速度,Vitesse,Velocità,Velocidad
a103,Very Fast,非常快,非常快,?????,非常に速い,Très rapide,Molto veloce,Muy rápido
a104,Fast,快,快,??,速い,Rapide,Veloce,Rápido
a105,Normal,正常,正常,??,通常,Normal,Predefinito,Normal
a106,Slow,慢,慢,??,Wい,Lent,Lento,Lento
a107,Very Slow,非常慢,非常慢,?????,非常にWい,Très lent,Molto lento,Muy lento
a108,Preset Library,预设库,AO,?????????,プリセットライブラリ,Bibliothèque de préréglages,Libreria dei preset,Biblioteca de presets
a109,Update,更新,更新,????,更新,Mise à jour,Aggiornamento,Actualizar
a110,Personal Presets,个人预设,人AO,??????,人プリセット,Préréglage personnels,Preset personali,Presets personales
a111,SIMAGIC Preset,SIMAGIC 预设,SIMAGIC AO,SIMAGIC????,SIMAGIC プリセット,Préréglage SIMAGIC,Preset SIMAGIC,Preset SIMAGIC
a112,Filter Games,筛选游戏,Yx[,?????,ゲ`ムをgりzむ,Filtrer les jeux,Filtra giochi,Filtrar juegos
a113,Reset,重置,重置,???,リセット,Réinitialiser,Ripristina,Restablecer
a114,Import,导入,R入,????,インポ`ト,Importer,Importa,Importar
a115,Export,导出,R出,????,エクスポ`ト,Exporter,Esporta,Exportar
a116,Save,保存,保存,??,保存,Enregistrer,Salva,Guardar
a117,Edit,编辑,,??,集,Modifier,Modifica,Editar
a118,Delete,删除,h除,??,削除,Supprimer,Elimina,Eliminar
a119,Share,分享,分享,??,共有,Partager,Condividi,Compartir
a120,Save as Personal Preset,另存为个人预设,另存人AO,???????????,人プリセットとして保存,Enregistrer sous comme préréglage personnel,Salva come preset personale,Guardar como ajuste personal
a121,Please select a personal preset name,请选择个人预设名称,x人AO名Q,????????????????,人プリセット名をxkしてください,Veuillez sélectionner un nom de préréglage personnel,Seleziona un nome per il preset personale,Seleccione un nombre para el preset personal
a122,Custom Presets,自定义预设,自AO,??????????,カスタムプリセット,Préréglages personnalisés,Preset personalizzati,Ajustes personalizados
a123,Existing Presets,已有预设,已有AO,??????,既存のプリセット,Préréglages existants,Preset esistenti,Ajustes existentes
a124,Please enter a preset name within 15 characters,请输入15字符以内的预设名称,入15字符以鹊念AO名Q,15???????????????????,15文字以内のプリセット名を入力してください,Veuillez entrer un nom de préréglage de 15 caractères maximum,Inserisci un nome preset di massimo 15 caratteri,Introduzca un nombre de ajuste de hasta 15 caracteres
a125,Please select an existing preset or enter keywords to search,请选择已有预设或输入关键词进行搜索,x褚延蓄AO或入PI字M行搜,????????????????????????????,既存のプリセットをxkするか、キ`ワ`ドを入力して仕鳏筏皮ださい,Veuillez sélectionner un préréglage existant ou entrer des mots-clés pour rechercher,Seleziona un preset esistente o inserisci parole chiave per cercare,Selecciona un ajuste existente o introduce palabras clave para buscar
a126,Please select a game,请选择游戏,x襁[,?????????,ゲ`ムをxkしてください,Veuillez sélectionner un jeu,Seleziona un gioco,Selecciona un juego
a127,Select All,全选,全x,?????,全xk,Tout sélectionner,Seleziona tutto,Seleccionar todo
a128,Clear All,全部清除,全部清除,??????,すべてクリア,Tout effacer,Cancella tutto,Borrar todo
a129,"After confirming the save, please check the preset details in [Personal Presets]",确认保存后，请在【个人预设】中查看预设详情,_J保存後，在【人AO】中查看AO情,"?????????, [??????]???????????????????",保存を_Jした後、[人プリセット]でプリセットのをご_Jください,"Après avoir confirmé l'enregistrement, veuillez vérifier les détails du préréglage dans [Préréglages personnels]","Dopo aver confermato il salvataggio, controlla i dettagli del preset in [Preset personali]","Después de confirmar el guardado, revisa los detalles del preset en [Presets personales]"
a130,Confirm,确认,_J,??,_J,Confirmer,Confermare,Confirmar
a131,Upgrade Scenarios,升级场景,升鼍,??????????,アップグレ`ドシナリオ,scénarios de mise à niveau,scenari di aggiornamento,escenarios de actualización
a132,Upgrading to a higher torque means that the corresponding base can provide stronger feedback force,升级到更高的扭矩意味着相应的基座能够提供更强的反馈力,升到更高的扭矩意味著相的基座能蛱峁└的反力,???????????????????????????????????????????????,トルクを高めるアップグレ`ドにより、辘工毳侃`スがより力なフィ`ドバック力を提供できるようになります,Passer à un couple plus élevé signifie que la base correspondante peut fournir un retour de force plus important,L'aggiornamento a una coppia superiore significa che la base corrispondente può fornire una forza di feedback più forte,Actualizar a un par más alto significa que la base correspondiente puede proporcionar una mayor fuerza de retroalimentación
a133,Selectable Torque,可选扭矩,可x扭矩,?????????,xk可能なトルク,couple sélectionnable,coppia selezionabile,par seleccionable
a134,Adjustable Range,可调范围,可{,?????????,{整可能な,plage réglable,gamma regolabile,rango ajustable
a135,Upgrade Equipment,升级设备,升O,????????,C器のアップグレ`ド,mettre à niveau l'équipement,aggiornare l'attrezzatura,actualizar el equipo
a136,Save Successful,保存成功,保存成功,?????,保存に成功しました,Sauvegarde réussie,Salvataggio riuscito,Guardado exitoso
a137,Save Failed,保存失败,保存失,?????,保存に失・筏蓼筏,échec de la sauvegarde,Salvataggio fallito,Error al guardar
a138,Delete Successful,删除成功,h除成功,?????,削除成功,Suppression réussie,Cancellazione riuscita,Eliminación exitosa
a139,Delete Failed,删除失败,h除失,?????,削除に失・筏蓼筏,échec de la suppression,Cancellazione fallita,Error al eliminar
a140,Revert Successful,恢复成功,恢统晒,?????,元にす操作が成功しました,Restauration réussie,Ripristino riuscito,Restauración exitosa
a141,Revert Failed,恢复失败,恢褪,?????,元にす操作が失・筏蓼筏,échec de la restauration,Ripristino fallito,Error al restaurar
a142,Successfully saved as a personal preset,已成功保存为个人预设,已成功保存人AO,?????????????????????,人プリセットとして成功Yに保存されました,Sauvegardé avec succès en tant que préréglage personnel,Salvato con successo come preset personale,Guardado exitosamente como un ajuste personal
a143,The current preset cannot be saved,当前预设无法保存,前AOo法保存,??????????????????,F在のプリセットは保存できません,Le préréglage actuel ne peut pas être enregistré,L'attuale preset non può essere salvato,No se puede guardar el preset actual
a144,The current preset has been successfully deleted,当前预设已成功删除,前AO已成功h除,?????????????????????,F在のプリセットが正常に削除されました,Le préréglage actuel a été supprimé avec succès,Il preset attuale è stato eliminato con successo,El preset actual ha sido eliminado con éxito
a145,The current preset cannot be deleted,当前预设无法删除,前AOo法h除,??????????????????,F在のプリセットは削除できません,Le préréglage actuel ne peut pas être supprimé,Il preset attuale non può essere eliminato,No se puede eliminar el preset actual
a146,Successfully reverted to the default preset,成功恢复为默认预设,成功恢槟JAO,??????????????????????,デフォルトプリセットが正常に驮されました,Restauration réussie au préréglage par défaut,Ripristinato con successo al preset predefinito,Restaurado exitosamente al preset predeterminado
a147,Failed reverted to the default preset,无法恢复为默认预设,o法恢槟JAO,???????????????????,デフォルトプリセットへの驮に失・筏蓼筏,Impossible de revenir au préréglage par défaut,Impossibile ripristinare il preset predefinito,No se puede restaurar el preset predeterminado
a148,Rename,重命名,重命名,?????,名前の涓,Renommer,Rinominare,Renombrar
a149,Operation Successful,操作成功,操作成功,?????,操作が成功しました,Opération réussie,Operazione riuscita,Operación exitosa
a150,Operation Failed,操作失败,操作失,?????,操作が失・筏蓼筏,échec de l'opération,Operazione fallita,Fallo en la operación
a151,Close,关闭,P],??,]iします,Fermer,chiudere,Cerrar
a152,Open,打开,打_,??,_けます,ouvrir,aprire,Abrir
a153,Steering Wheel Angle,方向盘转向角度,方向PD向角度,?????????,ステアリングホイ`ルの回角度,Angle de braquage du volant,Angolo del volante,ángulo de giro del volante
a154,Brake Angle,刹车角度,x角度,???????,ブレ`キ角度です,Angle de freinage,Angolo frenante,ángulo de freno
a155,Throttle Angle,油门角度,油T角度,??????,アクセル角度です,Angle d’accélérateur,Angolo dell'acceleratore,ángulo del acelerador
a156,"Are you sure you want to delete it? After deletion, this preset will no longer be saved locally",您确定要删除它吗?删除后，此预设将不再保存在本地。,您_定要h除它?h除後，此AO⒉辉俦４嬖诒镜亍,??????????????????????????????????????????????.,本当に削除しますか？削除後、このプリセットはロ`カルに保存されなくなります,"êtes-vous s?r de vouloir le supprimer? Après suppression, ce préréglage ne sera plus enregistré localement.","Sei sicuro di volerla cancellare? Dopo la cancellazione, questa condizione non sarà più conservata a livello locale.",?Seguro que quieres eliminarlo? Después de eliminar este ajuste ya no se guardará localmente.
a157,Are you sure you want to restore to the preset before the changes?,您确定要恢复到更改前的预设吗?,您_定要恢偷礁改前的AO?,????????????????????????????,涓前のプリセットにしますか？,Etes-vous s?r de vouloir revenir aux préréglages avant le changement?,Sei sicuro di tornare ai presupposti che hanno preceduto il cambiamento?,?Está seguro de que desea volver a los ajustes anteriores a los cambios?
a158,Current,当前,前,??,F在,En cours,l’attuale,La actual
a159,Revert,撤销,撤N,????,元にす,Revenir en arrière,annullamento,cancelación
a160,Cancel,取消,取消,??,取り消します,Supprimer,soppressione,cancelación
a161,Unfold,展开,展_,???,展_,Ouvrir / Développer / Dérouler（三个词都可以，取决于语境）,avviare,inicio
a162,Expand preset,展开预设,展_AO,??????,展_プリセットです,Développer le préréglage,Avvio della fase preliminare,Expandir un ajustar
a163,Export to Local,导出至本地,С鲋帘镜,????????,ロ`カルにС訾筏蓼埂,Exporter vers local,Esportazione a livello locale,Exportar a local
a164,Confirm,确认,_J,??,_J,Confirmer,Confermare,Confirmar
a165,Tips,提示,提示,?,ヒント,Conseils,Consigli,sugerencia
a166,Import,导入个人预设,入人AO,????,パ`ソナルプリセットを入します,Importer des préréglages personnalisés,Importa,Importar ajustes individuales
a167,Please enter a?PersonalPreset name,请输入个人预设名称,入人AO名Q,????????????????,人のプリセット名称を入力してください,Veuillez entrer un nom de préréglage personnalisé,Inserire il nome di un PresetPersonale,"Por favor, introduzca un para el ajuste prestablecido"
a168,Home,首页,首,?,ホ`ムペ`ジ,Accueil,Home,Inicio
a169,Devices,设备,O,??,デバイス,Périph.,Dispositivi,Dispositivos
a170,Games,游戏,[,??,ゲ`ム,Jeux,Giochi,Juegos
a171,FAQ,帮助,椭,FAQ,FAQ,FAQ,FAQ,FAQ
a172,Settings,设置,O置,??,O定,Réglages,Impostazioni,Ajustes
a173,The current preset has changes. Switching presets will revert this preset to its previous state. Do you want to switch?,当前预设有变更，切换预设后，该预设会恢复为变更前状态，是否切换？,前AO有更，切QAO後，AO恢樽更前B，是否切Q？,???????????????????.??????????????????????????????.??????????,F在のプリセットに涓があります。プリセットを切り替えると、このプリセットは涓前の状Bにります。切り替えますか？,Le préréglage actuel a été modifié. Passer à un autre préréglage rétablira celui-ci à son état précédent. Voulez-vous changer ?,Il preset attuale è stato modificato. Passare ad un altro preset ripristinerà questo preset allo stato precedente. Vuoi cambiare?,"El ajuste actual ha cambiado. Si cambiar al ajuste prestablecido, este volvera a su estado anterior,??Quieres cambiarlo?"
a174,Paddle Module Settings,拨片模组设置,芷模MO定,????????,パドルモジュ`ルO定,Paramètres du module de palettes,Impostazioni del modulo paddle,Configuración del módulo de paletas
a175,Current Preset,当前预设,前AO,??????,F在のプリセット,Préréglage actuel,Preset attuale,Preajuste actual
a176,Voltage,电压,,??,R,Tension,Tensione,Voltaje
a177,Base Status,基座状态,基座B,??????,ベ`ス状B,état de la base,Stato della base,Estado de la base
a178,Normal,正常,正常,??,正常,Normal,Predefinito,Normal
a179,Upgrade Torque,升级扭矩,升扭矩,????????,トルクのアップグレ`ド,Mise à niveau du couple,Aggiornamento della coppia,Actualizar el par
a180,Telemetry List,遥测列表,by列表,????????,テレメトリリスト,Liste de télémétrie,Elenco di telemetria,Lista de telemetría
a181,Static Effect,静态效果,oB效果,?????,静的抗,Effet statique,Effetto statico,Efecto estático
a182,Default static lighting effect of the device,设备默认的静态灯光效果,O淠J的oB艄庑Ч,????????????,デバイスのデフォルト静的ライティング抗,Effet d'éclairage statique par défaut de l'appareil,Effetto di illuminazione statica predefinito del dispositivo,Efecto de iluminación estática predeterminado del dispositivo
a183,PitLimiter,维修区,S修^,??????,ピットリミッタ`,Limiteur de stand,Limitatore di velocità ai box,Limitador de boxes
a184,Trigger light effect when pit limiter is activated,激活维修区限速器时触发灯效,激活S修^限速器r|l粜,???????????????????????????,ピットリミッタ`が作婴筏郡趣にライトエフェクトをトリガ`,Déclencher l'effet lumineux lorsque le limiteur de vitesse des stands est activé,Attivare l'effetto luminoso quando il limitatore della corsia box è attivato,Activar efecto de luz al activar el limitador de velocidad del pit lane
a185,Is In Pit,进入维修区,M入S修^,???????????,ピットレ`ンにいます,Est dans la voie des stands,è nella corsia dei box,Está en el carril de boxes
a186,Trigger light effect when the vehicle enters the pit lane area,车辆进入维修区范围时触发的灯效,vM入S修^r|l的粜,????????????????????????????????,Iがピットレ`ンエリアに入るときにライトエフェクトをトリガ`,Déclencher l'effet lumineux lorsque le véhicule entre dans la zone des stands,Attivare l'effetto luminoso quando il veicolo entra nell'area della corsia box,Activar efecto de luz al entrar el vehículo en el área del pit lane
a187,ABS enabled,防抱死系统已启用,防抱死系y已⒂,ABS?????,ABSが有炕されています,ABS activé,ABS abilitato,ABS habilitado
a188,Trigger light effect when ABS is enabled,ABS处于开启状态触发灯效,ABS於_B|l粜,ABS?????????????????????,ABSが有郡摔胜盲郡趣にライトエフェクトをトリガ`,Déclencher l'effet lumineux lorsque l'ABS est activé,Attivare l'effetto luminoso quando l'ABS è attivato,Activar efecto de luz cuando el ABS está habilitado
a189,ABS triggered,防抱死系统已触发,防抱死系y已|l,ABS????,ABSが作婴筏蓼筏,ABS déclenché,ABS attivato,ABS activado
a190,Triggers light effects when ABS activates during braking,车辆刹车时ABS介入，触发灯效,vxrABS介入，|l粜,??????????ABS??????????????????,Iがブレ`キを踏むHにABSが作婴工毪取ライトエフェクトが起婴筏蓼,Déclenche des effets lumineux lorsque l'ABS s'active lors du freinage,Attiva effetti luminosi quando l'ABS interviene durante la frenata,Activa efectos de luz cuando el ABS interviene durante el frenado
a191,TC enabled,牵引力控制已启用,恳力控制已⒂,TC?????,トラクションコントロ`ルが有郡扦,Contr?le de traction activé,Controllo di trazione abilitato,Control de tracción habilitado
a192,Traction control system enabled,牵引力控制系统已开启,恳力控制系y已_,??????????????????,トラクションコントロ`ルシステムが有郡摔胜辘蓼筏,Système de contr?le de traction activé,Sistema di controllo della trazione abilitato,Sistema de control de tracción activado
a193,TC triggered,牵引力控制已触发,恳力控制已|l,TC????,トラクションコントロ`ルが作婴筏蓼筏,Contr?le de traction déclenché,Controllo di trazione attivato,Control de tracción activado
a194,"TC intervenes during vehicle acceleration, triggering the lighting effect",车辆加速时TC介入，触发灯效,v加速rTC介入，|l粜,????????TC????????????????????,I加速rにTCが介入し、ライトエフェクトをトリガ`します,"Le TC intervient lors de l'accélération du véhicule, déclenchant l'effet lumineux","Il TC interviene durante l'accelerazione del veicolo, attivando l'effetto luminoso","El TC interviene durante la aceleración del vehículo, activando el efecto de iluminación"
a195,Drs Enabled,DRS状态,DRSB,DRS ??,DRSの状B,DRS activé,DRS attivato,DRS activado
a196,Lighting effect triggered when DRS is activated,激活DRS时触发灯效,激活DRSr|l粜,DRS??????????????????????,DRSが作婴工毪趣にライトエフェクトがトリガ`されます,Effet lumineux déclenché lors de l'activation du DRS,Effetto luminoso attivato quando il DRS è attivato,Efecto de iluminación activado cuando se activa el DRS
a197,Left Indicator,左转向灯,左D向,?????????,左方向指示灯,Clignotants gauche,Indicatori di sinistra,Intermitentes izquierdos
a198,Lighting effect triggered when the left turn signal is activated,打开左转向灯触发灯效,打_左D向粲|l粜,??????????????????????????,左ウインカ`を作婴丹护郡趣にライトエフェクトがトリガ`されます,Effet lumineux déclenché lors de l'activation du clignotant gauche,Effetto luminoso attivato quando si accende la freccia sinistra,Efecto de iluminación activado al encender el intermitente izquierdo
a199,Right indicator,右转向灯,右D向,?????????,右方向指示灯,Clignotants droite,Indicatori? di destra,Intermitentes derechos
a200,Lighting effect triggered when the right turn signal is activated,打开右转向灯触发灯效,打_右D向粲|l粜,??????????????????????????,右ウインカ`を作婴丹护郡趣にライトエフェクトがトリガ`されます,Effet lumineux déclenché lors de l'activation du clignotant droit,Effetto luminoso attivato quando si accende la freccia destra,Efecto de iluminación activado al encender el intermitente derecho
a201,Spotter Car Left,左侧有无其他车辆,左扔o其他v,?? ??? ??,左去攻荪氓咯`カ`,Voiture de repérage à gauche,Auto spotter sinistra,Coche de observación izquierdo
a202,Lighting effect triggered when a vehicle is detected on the left side,左侧检测到车辆触发灯效,左zy到v|l粜,????????????????????????????,左趣擒Iが食訾丹欷龊悉衰楗ぅ去ē榨Дトがトリガ`されます,Effet lumineux déclenché lorsqu'un véhicule est détecté sur la gauche,Effetto luminoso attivato quando un veicolo viene rilevato sul lato sinistro,Efecto de iluminación activado al detectar un vehículo en el lado izquierdo
a203,Spotter Car Right,右侧有无其他车辆,右扔o其他v,?? ??? ??,右去攻荪氓咯`カ`,Voiture de repérage à droite,Auto spotter destra,Coche de observación derecho
a204,Lighting effect triggered when a vehicle is detected on the right side,右侧检测到车辆触发灯效,右zy到v|l粜,?????????????????????????????,右趣擒Iが食訾丹欷龊悉衰楗ぅ去ē榨Дトがトリガ`されます,Effet lumineux déclenché lorsqu'un véhicule est détecté sur la droite,Effetto luminoso attivato quando un veicolo viene rilevato sul lato destro,Efecto de iluminación activado al detectar un vehículo en el lado derecho
a205,Black Flag,黑旗,黑旗,??????,\旗,Drapeau noir,Bandiera nera,Bandera negra
a206,Black flag signal received in-game,游戏中收到黑旗信号,[蛑惺盏胶谄煨盘,??????????????????????,ゲ`ム中に\旗信号を受信しました,Signal de drapeau noir re?u en jeu,Segnale di bandiera nera ricevuto nel gioco,Se?al de bandera negra recibida en el juego
a207,Blue Flag,蓝旗,{旗,?????,青旗,Drapeau bleu,Bandiera blu,Bandera azul
a208,Blue flag signal received in-game,游戏中收到蓝旗信号,[蛑惺盏剿{旗信,?????????????????????,ゲ`ム中に青旗信号を受信しました,Signal de drapeau bleu re?u en jeu,Segnale di bandiera blu ricevuto nel gioco,Se?al de bandera azul recibida en el juego
a209,Green Flag,绿旗,G旗,?????,v旗,Drapeau vert,Bandiera verde,Bandera verde
a210,Green flag signal received in-game,游戏中收到绿旗信号,[蛑惺盏骄G旗信,?????????????????????,ゲ`ム中にv旗信号を受信しました,Signal de drapeau vert re?u en jeu,Segnale di bandiera verde ricevuto nel gioco,Se?al de bandera verde recibida en el juego
a211,Red Flag,红旗,t旗,?????,赤旗,Drapeau rouge,Bandiera rossa,Bandera roja
a212,Red flag signal received in-game,游戏中收到红旗信号,[蛑惺盏郊t旗信,?????????????????????,ゲ`ム中に赤旗信号を受信しました,Signal de drapeau rouge re?u en jeu,Segnale di bandiera rossa ricevuto nel gioco,Se?al de bandera roja recibida en el juego
a213,White Flag,白旗,白旗,?????,白旗,Drapeau blanc,Bandiera bianca,Bandera blanca
a214,White flag signal received in-game,游戏中收到白旗信号,[蛑惺盏桨灼煨盘,?????????????????????,ゲ`ム中に白旗信号を受信しました,Signal de drapeau blanc re?u en jeu,Segnale di bandiera bianca ricevuto nel gioco,Se?al de bandera blanca recibida en el juego
a215,Yellow Flag,黄旗,S旗,?????,黄旗,Drapeau jaune,Bandiera gialla,Bandera amarilla
a216,Yellow flag signal received in-game,游戏中收到黄旗信号,[蛑惺盏近S旗信,?????????????????????,ゲ`ム中に黄旗信号を受信しました,Signal de drapeau jaune re?u en jeu,Segnale di bandiera gialla ricevuto nel gioco,Se?al de bandera amarilla recibida en el juego
a217,Checkered Flag,方格旗,方格旗,?????,チェッカ`フラッグ,Drapeau à damier,Bandiera a scacchi,Bandera a cuadros
a218,Checkered flag signal received in-game,游戏中收到方格旗信号,[蛑惺盏椒礁衿煨盘,?????????????????????,ゲ`ム中にチェッカ`フラッグ信号を受信しました,Signal de drapeau à damier re?u en jeu,Segnale di bandiera a scacchi ricevuto nel gioco,Se?al de bandera a cuadros recibida en el juego
a219,Is Engine Ignition On,引擎通电是否开启,引擎通是否_,?? ??? ?? ????,エンジンの源は入っていますか,L'allumage du moteur est-il activé,L'accensione del motore è attiva,Está activado el encendido del motor
a220,Lighting effect triggered upon engine ignition,发动机点火时触发灯效,lCc火r|l粜,???????????????????,エンジン始rにライトエフェクトがトリガ`されます,Effet lumineux déclenché lors de l'allumage du moteur,Effetto luminoso attivato all'accensione del motore,Efecto de iluminación activado al encender el motor
a221,Engine started,引擎是否启动,引擎是否,??????,エンジンが始婴筏蓼筏,Moteur démarré,Motore avviato,Motor encendido
a222,Lighting effect triggered when engine startup is complete,发动机启动完成时触发灯效,lC油瓿r|l粜,?????????????????????,エンジン始油炅rにライトエフェクトがトリガ`されます,Effet lumineux déclenché lorsque le démarrage du moteur est terminé,Effetto luminoso attivato al completamento dell'avvio del motore,Efecto de iluminación activado al completar el arranque del motor
a223,FFB Clipping,力回馈裁剪,力回裁剪,FFB????,FFBクリッピング,Saturation FFB,Clipping FFB,Recorte FFB
a224,Force feedback signal overload trigger,力反馈信号过载触发信号,力回信^d|l信,?????????????????,フォ`スフィ`ドバック信号が^荷になるとトリガ`されます,Déclencheur de surcharge du signal de retour de force,Attivazione di sovraccarico del segnale di force feedback,Activación por sobrecarga de la se?al de retroalimentación de fuerza
a225,Gear,档位,n位,??,ギアの位置,Position de la vitesse,Posizione della marcia,Posición de la marcha
a226,Update light effect when gear changes,档位变化时更新灯效,n位化r更新粜,??????????????????,ギアが浃铯毪趣にライトエフェクトを更新,Mettre à jour l'effet lumineux lors du changement de vitesse,Aggiorna l'effetto luminoso quando cambia la marcia,Actualizar efecto de luz al cambiar de marcha
a227,RPM,转速,D速,??????,回数,Tours par minute,Giri al minuto,Revoluciones por minuto
a228,Adjust light effects dynamically based on current RPM,根据当前RPM动态调整灯效,根前RPMB{整粜,???RPM?????????????????????,F在のRPMに基づいてライトエフェクトを拥膜苏{整,Ajuster les effets lumineux dynamiquement en fonction du régime moteur actuel,Regola dinamicamente gli effetti luminosi in base agli RPM attuali,Ajustar los efectos de luz dinámicamente según las RPM actuales
a229,RPM RedLine,转速红线,D速t,?????????,回数レッドライン,Zone rouge du moteur,Limite dei giri al minuto,Límite de revoluciones por minuto
a230,Engine RPM approaching or reaching the redline zone,引擎转速接近或达到红线区域,引擎D速接近或_到t^域,???RPM???????????????????,エンジンの回数がレッドラインI域に近づく、または到_,Régime moteur approchant ou atteignant la zone rouge,I giri del motore si avvicinano o raggiungono la zona del limite rosso,Las RPM del motor se acercan o alcanzan la zona de línea roja
a231,Speed,时速,r速,??,r速,Vitesse,Velocità-Kmh/Mph,Velocidad - KM/h / MP/h
a232,Dynamically adjust lighting effects based on speed,根据速度动态调整灯效,根速度B{整粜,???????????????????????,速度に基づいて拥膜衰楗ぅ去ē榨Дトを{整,Ajuster dynamiquement les effets lumineux en fonction de la vitesse,Regolare dinamicamente gli effetti luminosi in base alla velocità,Ajustar dinámicamente los efectos de iluminación según la velocidad
a233,Fuel,燃油,燃油,??,燃料,Carburant,Carburante,Combustible
a234,Triggered when fuel drops below the preset value,燃料低于预设值时触发,燃料低於AO值r|l,????????????????????,燃料がO定を下回ったときにトリガ`,Déclenché lorsque le carburant tombe en dessous de la valeur prédéfinie,Attivato quando il carburante scende al di sotto del valore preimpostato,Se activa cuando el combustible cae por debajo del valor preestablecido
a235,Throttle,油门,油T,???,アクセル,Accélérateur,Acceleratore,Acelerador
a236,Adjust lighting effects dynamically based on throttle position,根据油门位置动态调整灯效,根油T位置B{整粜,??????????????????????????,スロットル位置に辘袱拥膜衰楗ぅ去ē榨Дトを{整,Ajuster les effets lumineux dynamiquement en fonction de la position de l'accélérateur,Regola dinamicamente gli effetti di illuminazione in base alla posizione dell'acceleratore,Ajustar dinámicamente los efectos de luz según la posición del acelerador
a237,Brake,刹车,煞,????,ブレ`キ,Frein,Freno,Freno
a238,Adjust lighting effects dynamically based on brake pressure,根据刹车压力动态调整灯效,根x毫B{整粜,???????????????????????????,ブレ`キRに辘袱拥膜衰楗ぅ去ē榨Дトを{整,Ajuster les effets lumineux dynamiquement en fonction de la pression de freinage,Regola dinamicamente gli effetti di illuminazione in base alla pressione del freno,Ajustar dinámicamente los efectos de luz según la presión del freno
a239,Clutch,离合,x合,???,クラッチ,Embrayage,Frizione,Embrague
a240,Adjust lighting effects dynamically based on clutch position,根据离合器位置动态调整灯效,根x合器位置B{整粜,??????????????????????????,クラッチ位置に辘袱拥膜衰楗ぅ去ē榨Дトを{整,Ajuster les effets lumineux dynamiquement en fonction de la position de l'embrayage,Regola dinamicamente gli effetti di illuminazione in base alla posizione della frizione,Ajustar dinámicamente los efectos de luz según la posición del embrague
a241,Hand-Brake,手刹,手x,??????,ハンドブレ`キ,Frein à main,Freno a mano,Freno de mano
a242,Trigger lighting effects when the handbrake is activated,手刹激活时触发灯效,手x激活r|l粜,???????????????????????,サイドブレ`キが作婴筏郡趣にライトエフェクトをトリガ`,Déclencher des effets lumineux lors de l'activation du frein à main,Attiva gli effetti di illuminazione quando viene azionato il freno a mano,Activar efectos de luz al activar el freno de mano
a243,Save As,另存为,另存,??????????,名前を付けて保存,Enregistrer sous,Salva come,Guardar como
a244,View Numeric Code,查看数字编码,查看底志a,?????????,数字コ`ドを_J,Voir le code numérique,Visualizza il codice numerico,Ver código numérico
a245,Wireless Connection,无线连接,oB接,?????,ワイヤレス接A,Connexion sans fil,Connessione wireless,Conexión inalámbrica
a246,USB Connection,USB连接,USBB接,USB???,USB接A,Connexion USB,Connessione USB,Conexión USB
a247,Rocker Mode,跷跷板模式,跷跷板模式,?????,シ`ソ`モ`ド,Mode Bascule,non so come tradurla,Modo Balancín
a248,Button Mode,按钮模式,按o模式,?????,ボタンモ`ド,Mode Bouton,Modalità Pulsante,Modo Botón
a249,Separate Position,分离位置,分x位置,?????,分x位置,Position Séparée,Posizione Separata,Posición Separada
a250,Synchronize,同步,同步,???,同期,Synchroniser,Sincronizzare,Sincronizar
a251,Please enter a button label,请输入按钮标签,入按o嘶`,????????????,ボタンラベルを入力してください,Veuillez saisir un nom de bouton,Inserisci un'etichetta per il pulsante,"Por favor, introduce una etiqueta para el botón"
a252,Only when pressed,仅在踩下时震动,H在踩下r震,??????,押したrのみ,Uniquement lorsqu'il est pressé,Solo quando premuto,Solo cuando se presiona
a253,Statement,声明,明,??,ステ`トメント,Déclaration,Dichiarazione,Estado
a254,Please select the connected motor,请选择连接的电机,x襁B接的C,?????????????,接Aされたモ`タ`をxkしてください,Veuillez sélectionner le moteur connecté,Seleziona il motore collegato,"Por favor, seleccione el motor conectado"
a255,Paddle Module Settings,拨片模组设置,芷模MO定,????????,パドルモジュ`ルO定,Paramètres du module de palette,Impostazioni del modulo paddle,Configuración del módulo de palancas
a256,Button Light Settings,按钮灯设置,按o粼O定,????????,ボタンライトO定,Paramètres de la lumière des boutons,Impostazioni luce pulsante,Configuración de la luz del botón
a257,7-way hat config,7向遥感设置,7向b感O置,7?????????,7方向ハットスイッチO定,Configuration du chapeau à 7 directions,Configurazione del joystick a 7 vie,Configuración de la palanca de 7 direcciones
a258,thumb encoder config,拨轮设置,茌O定,?????????,サムエンコ`ダ`O定,Configuration de l'encodeur avec bouton poussoir,Configurazione dell'encoder a pollice,Configuración del codificador de pulgar
a259,Indicator Light Settings,指示灯设置,指示粼O置,????????????,インジケ`タ`ライトO定,Paramètres des voyants,Impostazioni della luce indicatrice,Configuración de las luces indicadoras
a260,rotary knob config,旋钮编码器设置,旋oa器O置,?????????,ロ`タリ`ノブO定,Configuration du joystick rotatif,Configurazione del rotary,Configuración del mando rotativo
a261,RPM Light Settings,转速灯设置,D速粼O置,RPM??????,回数ランプO定,Paramètres des voyants RPM,Impostazioni della luce RPM,Configuración de luces RPM
a262,Instrument Side Light Settings,仪表侧灯设置,x表粼O置,??????????,インストゥルメントサイドライトO定,Paramètres des lumières latérales du tableau de bord,Impostazioni luci laterali strumenti,Configuración de luces laterales del panel de instrumentos
a263,Clutch Calibration,离合校准,x合校,??????????,クラッチキャリブレ`ション,Calibration de l'embrayage,Calibrazione della frizione,Calibración del embrague
a264,"Please fully pull and release the dual-clutch paddles on the steering wheel, then click ""Finish""",请您将方向盘上的双离合拨片拉到底后松开，然后点击【完成】,您⒎较虮P上的px合芷拉到底後_，然後c簟就瓿伞,"?????????????????????????????????, [??]???????",ステアリングホイ`ルのデュアルクラッチパドルを最後まで引いてからxし、【完了】をクリックしてください,"Veuillez tirer et relacher complètement les palettes d'embrayage double sur le volant, puis cliquez sur???Terminé??","Si prega di tirare completamente e rilasciare le palette della doppia frizione sul volante, quindi fare clic su ""Fine""","Por favor, presione y suelte completamente las paletas de doble embrague del volante, luego haga clic en ""Finalizar"""
a265,Finish,完成,完成,??,完了,Terminé,Fine,Finalizar
a266,Encoder Settings,编码设置,aO置,??????,エンコ`ダ`O定,Paramètres de l'encodeur,Impostazioni dell'encoder,Configuración del codificador
a267,Support,支持,支持,??,サポ`ト,Support,Supporto,Soporte
a268,Single Selection,单选,芜x,?????,g一xk,Sélection unique,Selezione singola,Selección única
a269,And,和,和,???,と,Et,E,Y
a270,Box Selection,框选,框x,?????,ボックスxk,Sélection par case,Selezione rettangolare,Selección de cuadro
a271,Always On,常亮,常亮,?????,常r点灯,Toujours activé,Sempre acceso,Siempre encendido
a272,Blink,闪烁,Wq,???,点,Clignoter,Lampeggiare,Parpadeo
a273,Blinking Color,闪烁颜色,Wq色,??????,点绀工肷,Couleur clignotante,Colore lampeggiante,Color parpadeante
a274,Blinking Delay,闪烁延迟,Wq延t,??????,点绀芜W延,Délai de clignotement,Ritardo lampeggiante,Retraso de parpadeo
a275,RPM Unit,转速单位,D速挝,RPM???,回速度g位,Unité de RPM,Unità di RPM,Unidad de RPM
a276,Speed Settings,速度设置,速度O置,?????,速度O定,Paramètres de vitesse,Impostazioni di velocità,Configuración de velocidad
a277,Value,数值,抵,?,数,Valeur,Valore,Valor
a278,"When the corresponding value is reached, the light will turn on.",到达对应数值时，灯会亮起。,到_抵r，亮起。,??????????????????.,辘工胧に_すると、ライトが点灯します。,"Lorsque la valeur correspondante est atteinte, la lumière s'allume.","Quando il valore corrispondente viene raggiunto, la luce si accenderà.","Cuando se alcance el valor correspondiente, la luz se encenderá."
a279,Minimum Speed,最小速度,最小速度,?????,最小速度,Vitesse minimale,Velocità minima,Velocidad mínima
a280,Maximum Speed,最大速度,最大速度,?????,最大速度,Vitesse maximale,Velocità massima,Velocidad máxima
a281,Speed Warning,速度预警,速度A警,?????,速度警告,Avertissement de vitesse,Avviso di velocità,Advertencia de velocidad
a282,Fuel Mode,油量模式,油量模式,?????,燃料モ`ド,Mode de carburant,Modalità carburante,Modo de combustible
a283,Suggestion,建议,建h,??,提案,Suggestion,Suggerimento,Sugerencia
a284,Or,或,或,??,または,Ou,Oppure,O
a285,Minimum Percentage,最小百分比,最小百分比,??????,最小パ`センテ`ジ,Pourcentage minimum,Percentuale minima,Porcentaje mínimo
a286,Maximum Percentage,最大百分比,最大百分比,??????,最大パ`センテ`ジ,Pourcentage maximum,Percentuale massima,Porcentaje máximo
a287,Fuel Warning,油量预警,油量A警,?????,ガソリン警告,Avertissement de carburant,Avviso carburante,Advertencia de combustible
a288,Brake travel follows based on the selected light color and position,基于所选灯光颜色和位置，刹车行程跟随,基於所x艄忸色和位置，x行程跟S,????????????????????????????????,xkしたライトの色と位置に基づいて、ブレ`キの移婴追兢筏蓼,La course du frein suit en fonction de la couleur et de la position de la lumière sélectionnée,Il percorso del freno segue in base al colore e alla posizione della luce selezionata,El recorrido del freno sigue según el color y la posición de la luz seleccionados
a289,Standard Colors,标准颜色,暑色,?????,噬,Couleurs standard,Colori standard,Colores estándar
a290,"You can change the RPM value through Manual Input, Dragging the Slider, or Mouse Scroll Wheel.",可通过【手动输入】【拖拽滑动条】【鼠标滚轮】来改变转速数值,可通^【手虞入】【拖拽滑l】【鼠L】砀淖D速抵怠,"?????,?????????,??????????????????RPM??????????????.",【手尤肓Α俊【スライダ`をドラッグ】、【マウスホイ`ル】で回数のを涓できます。,"Vous pouvez modifier la valeur de régime moteur (RPM) via saisie manuelle, par glissement du curseur, ou via la molette de la souris.","Puoi modificare il valore degli RPM tramite Inserimento manuale, Trascinamento della barra o Rotella del mouse.","Puedes cambiar el valor de las RPM mediante Entrada manual, Deslizar la barra, o Rueda del ratón."
a291,Gear Mode,档位模式,n位模式,?????,ギアモ`ド,Mode de vitesse,Modalità marcia,Modo de marcha
a292,Absolute Encoders,绝对编码器,^a器,??????,アブソリュ`トエンコ`ダ,Codeurs absolus,Encoder assoluti,Codificadores absolutos
a293,"The current preset has been modified! 
Selecting Cancel will discard the changes to the preset; 
Selecting Confirm will save the changes and redirect to WEB configuration.","当前预设有变更！ 
操作【取消】，变更的预设将不会保存； 
操作【确认】，变更的预设将保存，并跳转至WEB配置。","前AO有更！ 
操作【取消】，更的AO⒉保存； 
操作【_J】，更的AO⒈４妫K跳D至WEB配置。",???????????????! [??]???????????????????????; [??]???????????????????WEB???????????.,F在のプリセットが涓されています！?「キャンセル」をxkすると、涓内容は保存されません。?「_J」をxkすると、涓内容が保存され、WEBO定に移婴筏蓼埂,Le préréglage actuel a été modifié ! L'option Annuler ne sauvegardera pas les modifications du préréglage ; L'option Confirmer sauvegardera les modifications et redirigera vers la configuration WEB.,"Il preset corrente è stato modificato! Se si seleziona Annulla, le modifiche al preset non verranno salvate; Se si seleziona Conferma, le modifiche verranno salvate e si verrà reindirizzati alla configurazione WEB.",?El ajuste preestablecido actual ha sido modificado! Seleccionar Cancelar no guardará los cambios del ajuste preestablecido; Seleccionar Confirmar guardará los cambios y redirigirá a la configuración WEB.
a294,Device Name,设备名称,O涿Q,?????,デバイス名,Nom de l'appareil,Nome del dispositivo,Nombre del dispositivo
a295,Adsorption,吸附,吸附,??,吸着,Adsorption,Assorbimento,Adsorción
a296,Dashboard Settings,仪表盘设置,x表板O定,???????,ダッシュボ`ドO定,Paramètres du tableau de bord,Impostazioni dellla dashboard,Configuración del panel de instrumentos
a297,Sync to Racing OS,同步到Racing OS,同步到Racing OS,Racing OS?????,Racing OSに同期,Synchroniser avec Racing OS,Sincronizza con Racing OS,Sincronizar con Racing OS
a298,Selected Dashboard,已选中的仪表盘,已x中的x表P,????????,xkされたダッシュボ`ド,Tableau de bord sélectionné,Dashboard selezionata,Tablero seleccionado
a299,Clear,清空,清空,???,クリア,Effacer,Pulisci,Borrar
a300,Simagic Dashboard Library,官方仪表库,官方x表,Simagic??????????,Simagic ダッシュボ`ドライブラリ,Bibliothèque de tableaux de bord Simagic,Libreria delle dashboard Simagic,Biblioteca de paneles de control Simagic
a301,My Dashboard Library,我的仪表库,我的x表,?????????????,Ma bibliothèque de tableaux de bord,Ma bibliothèque de tableaux de bord,La mia libreria delle dashboard,Mi biblioteca de paneles de control
a302,Selected,已选,已x,???,xkgみ,Sélectionné,Selezionato,Seleccionado
a303,Unit,个,,?,,Unité,Unità,Unidad
a304,Dashboard,仪表盘,x表P,????,ダッシュボ`ド,Tableau de bord,Dashboard,Tablero
a305,You can select up to 10,最多可选10个,最多可x10,???10??????????????,最大で10までxkできます,Vous pouvez en sélectionner jusqu'à 10,Puoi selezionare fino a 10,Puedes seleccionar hasta 10
a306,No dashboard selected. Please choose from the dashboard library on the right,"暂无选中仪表盘 
请从右侧仪表库选择",ox中x表P，挠x表爝x,??????????????.?????????????????????????,xkされたダッシュボ`ドはありません。右趣违昆氓伐濂堠`ドライブラリからxkしてください,Aucun tableau de bord sélectionné. Veuillez en choisir un dans la bibliothèque de tableaux de bord à droite,Nessuna dashboard selezionata. Scegli dalla libreria delle dashboard a destra,"No se ha seleccionado ningún tablero. Por favor, elija uno de la biblioteca de tableros a la derecha"
a307,Dashboard data syncing,仪表数据同步中,x表同步中,?????????????????,ダッシュボ`ドデ`タを同期中です,Synchronisation des données du tableau de bord,Sincronizzazione dei dati della dashboard in corso,Sincronización de datos del tablero en curso
a308,Standard,标准,,??,,Standard,Standard,Estándar
a309,Inverted,倒置,倒置,??,反,Inversé,Invertito,Invertido
a310,Enter the dashboard name to search,输入仪表名称进行搜索,m用所有O,??? ???? ?? ??,すべてのデバイスにm用可能です,Entrez le nom du tableau de bord pour effectuer une recherche,Immettere il nome della dashboard da cercare,Aplicable a todos los dispositivos
a311,Applicable to all devices,适用所有设备,m用所有O,????????????,すべてのデバイスにm用可能です,Applicable à tous les appareils,Applicabile a tutti i dispositivi,Aplicable a todos los dispositivos
a312,Event Category,赛事类别,事e,????????,レ`スカテゴリ`,Catégorie d'événement,Categoria dell'evento,Categoría del evento
a313,Dashboard Details,仪表盘详情,x表P情,?????????,ダッシュボ`ドの,Détails du tableau de bord,Dettagli della dashboard,Detalles del tablero
a314,Basic Information,基本信息,基本Y,?????,基本情,Informations de base,Informazioni di base,Información básica
a315,Dashboard Screen Name,仪表盘屏幕名称,x表P屏幕名Q,??????????,ダッシュボ`ド画面名,Nom de l'écran du tableau de bord,Nome dello schermo della dashboard,Nombre de la pantalla del tablero
a316,Dashboard Source,仪表盘来源,x表P碓,???????,ダッシュボ`ドの出所,Source du tableau de bord,Origine della dashboard,Origen del tablero
a317,Applicable Devices,适用设备,m用O,?????????,m用デバイス,Appareils applicables,Dispositivi applicabili,Dispositivos aplicables
a318,Applicable Race Categories,适用赛事类别,m用事e,???????????????,m用レ`スカテゴリ,Catégories de course applicables,Categorie di gara applicabili,Categorías de carreras aplicables
a319,Applicable Scenarios,适用场景,m用鼍,???????????,m用シナリオ,Scénarios applicables,Scenari applicabili,Escenarios aplicables
a320,Telemetry Information,遥测信息,by信息,????????,テレメトリ情,Informations de télémétrie,Informazioni di telemetria,Información de telemetría
a321,Preview,预览,A[,????,プレビュ`,Aper?u,Anteprima,Vista previa
a322,No dashboard found,没有发现仪表,]有lFx表,???????????????,器がつかりません,Aucun tableau de bord trouvé,Nessuna dashboard trovata,No se encontró el panel
a323,No dashboard information found. You can try using a different keyword.,"没有发现仪表信息 
您可以换一个关键词试一试",]有lFx表信息，您可以Q一PI~一。,??????????????????.????????????????.,器情螭つかりませんでした。eのキ`ワ`ドをしてください。,Aucune information de tableau de bord trouvée. Vous pouvez essayer un autre mot-clé.,Nessuna informazione sulla dashboard trovata. Prova con un'altra parola chiave.,No se encontró información del panel. Intenta con otra palabra clave.
a324,Import Successful,导入成功,R入成功,???????,インポ`ト成功,Importation réussie,Importazione riuscita,Importación exitosa
a325,Import Failed,导入失败,R入失,???????,インポ`ト失,échec de l'importation,Importazione fallita,Error en la importación
a326,Export Successful,导出成功,R出成功,???????,エクスポ`ト成功,Exportation réussie,Esportazione riuscita,Exportación exitosa
a327,Export Failed,导出失败,R出失,???????,エクスポ`ト失,échec de l'exportation,Esportazione fallita,Fallo en la exportación
a328,Wireless,无线,o,??,o,Sans fil,Senza fili,Inalámbrico
a329,USB,USB,USB,USB,USB,USB,USB,USB
a330,Minimum Fuel,最小油量,最小油量,?? ??,最小燃料,Carburant minimum,Carburante minimo,Combustible mínimo
a331,Maximum Fuel,最大油量,最大油量,?? ??,最大燃料,Carburant maximum,Carburante massimo,Combustible máximo
a332,ABS Active,ABS触发,ABS|l,ABS ????,ABSが作又,ABS actif,ABS attivo,ABS activo
a333,TC Active,牵引力控制触发,恳力控制|l,TC ????,TCが作又,TC actif,TC attivo,TC activo
a334,No telemetry available,暂无遥测,oby,????? ??,h隔y定なし,Aucune télémétrie disponible,Nessuna telemetria disponibile,No hay telemetría disponible
a335,One-click adaptation completed,一键适配已完成,一Im配已完成,??? ?? ??,ワンクリックm合が完了しました,Adaptation en un clic terminée,Adattamento con un clic completato,Adaptación con un solo clic completada
a336,One-click adaptation failed,一键适配失败,一Im配失,??? ?? ??,ワンクリックm合が失・筏蓼筏,Adaptation en un clic échouée,Adattamento con un clic fallito,Adaptación con un solo clic fallida
a337,Total 1 item,共1条,共1l,? 1?,合1件,Total : 1 article,Totale 1 articolo,Total 1 elemento
a338,10 items selected,已选10条,已x10l,10? ???,10件xkgみ,10 éléments sélectionnés,10 elementi selezionati,10 elementos seleccionados
a339,Associated Game Tags,关联游戏标签,P[嘶`,?? ?? ??,vBするゲ`ムタグ,étiquettes de jeu associées,Tag di gioco associati,Etiquetas de juego asociadas
a340,Preset Name,预设名称,AO名Q,??? ??,プリセット名,Nom du préréglage,Nome del preset,Nombre del preset
a341,Slew Rate Control,转矩变化率,D矩化率,?? ???,トルク浠率,Taux de variation du couple,Tasso di variazione della coppia,Tasa de cambio de par
a342,"Slew Rate Control is used to adjust the dynamic response speed of the force feedback signal in the system. By controlling the rate of signal changes, it optimizes the smoothness and real-time performance of force feedback.Higher settings gives smoother FFB, for balancing too strong and sharp kerbs or bumps effects but won't affect grip and details on hand (0=no limits)","转矩变化率用于调节系统力反馈信号的动态响应速度(即Slew Rate)，通过控制信号变化的速率优化力反馈的平滑性和实时性。数值越高 力回馈越平滑 柔顺, 适用于过滤路肩和不平的颠簸路面等其他效过于强烈的游戏, 但不影响抓地感知和细节(0=无限制)",D矩化率用於{系y力回信的B速度（即 Slew Rate），透^控制信化的速度化力回的平滑性c即r性。抵翟礁撸力回越平柔和，m用於^V路肩c簸路面等效果^的[颍但不影抓地感知c（0 = o限制）,"?? ???? ???? ?? ??? ??? ?? ??(Slew Rate)? ?????. ?? ?? ??? ???? ???? ????? ????? ??????. ?? ???? ???? ???? ?????, ??? ????? ??? ??? ??? ????? ?????. ???? ????? ??? ?? ????. (0 = ???)",トルク浠率は、システムのフォ`スフィ`ドバック信号の甏鹚俣龋ē攻氅`レ`ト）を{整します。信号の浠速度を制御することで、フォ`スフィ`ドバックの滑らかさとリアルタイム性を向上させます。数が高いほど、滑らかでgやかなフィ`リングになり、F石や凹凸路面のいn膜蚝亭椁菠蓼工、グリップ感や部の表Fには影しません。（0 = o制限）,"Le taux de variation du couple ajuste la réactivité dynamique du retour de force (Slew Rate). En contr?lant la vitesse de variation du signal, il améliore la fluidité et la réactivité du retour. Une valeur plus élevée rend le retour plus doux et fluide, idéal pour atténuer les effets excessifs des bordures ou routes bosselées, sans altérer la sensation d’adhérence ni les détails. (0 = Illimité)","Il tasso di variazione della coppia regola la velocità di risposta del feedback di forza (Slew Rate). Controllando la velocità di variazione del segnale, migliora la fluidità e la reattività. Un valore più alto rende il feedback più morbido e fluido, ideale per attenuare gli effetti eccessivi di cordoli o strade sconnesse, senza compromettere il senso di aderenza o i dettagli. (0 = Nessun limite)","La tasa de cambio de par ajusta la velocidad de respuesta del sistema de retroalimentación de fuerza (Slew Rate). Controla la velocidad de variación de la se?al para mejorar la suavidad y la respuesta en tiempo real. Un valor alto proporciona una respuesta más suave y controlada, ideal para filtrar bordillos o superficies irregulares sin afectar la sensación de agarre ni los detalles. (0 = Ilimitado)"
a343,Dynamic Prediction Level,动态预测等级,BAy等,?? ?? ??,ダイナミック予yレベル,Niveau de prédiction dynamique,Livello di previsione dinamica,Nivel de predicción dinámica
a344,"The Dynamic Prediction Level is designed to predict the next state of the vehicle and force feedback in the game based on data from previous moments (such as vehicle speed, steering angle, road surface feedback, etc,). By pre-calculating and simulating to optimizes the response of force feedback(Note: 1.Value too high may causing noise or high frequency vibration. 2. This value not support on iRacing)",动态预测等级用于根据之前时刻的游戏数据(如车辆速度、转向角度、路面反馈等)，预测下一次游戏中的车辆状态和力反馈状态。通过提前计算和模拟能够优化力反馈的动态响应，显著缩短力反馈的延时("注: 1. 此参数等级过高可能会产生较大的噪音或震动" 2. 在iRacing中此参数无效果),BAy等用於根先前r刻的[蛸Y料（如速、D向角度、路面回等），Ay下一r刻[蛑械能vBc力回B。透^提前算c模M可化力回的B，@著s短延t（]：此档燃^高可能a生^大噪音或震樱,"The Dynamic Prediction Level is designed to predict the next state of the vehicle and force feedback in the game based on data from previous moments (such as vehicle speed, steering angle, road surface feedback, etc,). By pre-calculating and simulating to optimizes the response of force feedback(Note: 1.Value too high may causing noise or high frequency vibration. 2. This value not support on iRacing)","The Dynamic Prediction Level is designed to predict the next state of the vehicle and force feedback in the game based on data from previous moments (such as vehicle speed, steering angle, road surface feedback, etc,). By pre-calculating and simulating to optimizes the response of force feedback(Note: 1.Value too high may causing noise or high frequency vibration. 2. This value not support on iRacing)","The Dynamic Prediction Level is designed to predict the next state of the vehicle and force feedback in the game based on data from previous moments (such as vehicle speed, steering angle, road surface feedback, etc,). By pre-calculating and simulating to optimizes the response of force feedback(Note: 1.Value too high may causing noise or high frequency vibration. 2. This value not support on iRacing)","The Dynamic Prediction Level is designed to predict the next state of the vehicle and force feedback in the game based on data from previous moments (such as vehicle speed, steering angle, road surface feedback, etc,). By pre-calculating and simulating to optimizes the response of force feedback(Note: 1.Value too high may causing noise or high frequency vibration. 2. This value not support on iRacing)","The Dynamic Prediction Level is designed to predict the next state of the vehicle and force feedback in the game based on data from previous moments (such as vehicle speed, steering angle, road surface feedback, etc,). By pre-calculating and simulating to optimizes the response of force feedback(Note: 1.Value too high may causing noise or high frequency vibration. 2. This value not support on iRacing)"
a345,no limits,无限制,o限制,no limits,no limits,no limits,no limits,no limits
